Factory,Defect_Rate
Factory A,0.020370370370370372
Factory B,0.014090909090909091
